account_name,social_network_id,carl_account_id,data_date,subs,reach,page_impressions
@hc_muni,instagram,43cd62c8-609d-4ea6-8ce9-cae5242ede0c,10.4.2026,4724,48512,
@hcupolomouc,instagram,2d87eafd-cf41-4f3e-97d3-6eeb795de43b,10.4.2026,1728,78,
@hcnorthwings,facebook,2b08a479-603b-46e4-8a48-2bc0435ccd53,12.8.2026,1176,,1254
vsefalcons,instagram,709fceba-e311-48e7-9057-f54a587abf4a,20.2.2026,3580,1357255,
@hc_muni,instagram,43cd62c8-609d-4ea6-8ce9-cae5242ede0c,9.4.2026,4726,45566,
@218107044725785,facebook,7a942e3e-6c47-4794-9ba7-bbc7b6d40cb3,22.6.2026,1062,,9
@akademici_plzen,tiktok,8f78cb3d-9c53-4c33-9f39-e6526fd8fa1c,15.5.2026,6064,,
@bitvaoprahu,facebook,75e0f41f-82be-4f82-a77b-82ac11135ed2,21.4.2026,1163,,22856
@hcupolomouc,instagram,2d87eafd-cf41-4f3e-97d3-6eeb795de43b,21.4.2026,1723,150,
@VUTCavaliersBrno,facebook,3351b43e-4b71-442b-b2f1-920cd6e57ee5,21.4.2026,2021,,1103
@akademici_plzen,tiktok,8f78cb3d-9c53-4c33-9f39-e6526fd8fa1c,8.4.2026,6074,,
@VUTCavaliersBrno,facebook,3351b43e-4b71-442b-b2f1-920cd6e57ee5,23.8.2026,2030,,86
vsefalcons,instagram,709fceba-e311-48e7-9057-f54a587abf4a,24.1.2026,3179,791266,
vsefalcons,instagram,709fceba-e311-48e7-9057-f54a587abf4a,25.5.2026,4728,2105661,
@bitvaoprahu,facebook,75e0f41f-82be-4f82-a77b-82ac11135ed2,20.8.2026,1167,,8
@univerzitnihokej,instagram,1e114592-3529-4cfe-9977-2598454053af,20.8.2026,14095,1351102,
@AkademiciPlzen,facebook,d87b94e3-03e8-45d0-b92e-75e9b819545c,20.8.2026,5557,,165
univerzitnihokej,tiktok,01c88cf9-594f-408e-a45a-95114221acae,19.4.2026,7416,,
@hcupolomouc,instagram,2d87eafd-cf41-4f3e-97d3-6eeb795de43b,19.4.2026,1722,135,
@derbyuniverzit,instagram,be83cfc5-0fa6-4f25-987e-ef890dd591ee,19.4.2026,946,2039,
@BOhokej,facebook,c9082543-a03b-490f-8f97-66d439acce89,19.4.2026,1592,,313
@AkademiciPlzen,facebook,d87b94e3-03e8-45d0-b92e-75e9b819545c,19.4.2026,5565,,1878
@hc_muni,instagram,43cd62c8-609d-4ea6-8ce9-cae5242ede0c,5.4.2026,4729,26570,
univerzitnihokej,tiktok,01c88cf9-594f-408e-a45a-95114221acae,8.6.2026,7478,,
@hsubrno,facebook,86b4295e-45a1-49a4-a7a5-1a550c3f4bec,30.4.2026,705,,515
@hcmuni,facebook,d1f9e9f9-7526-42d4-85aa-13f91e89f7cf,3.4.2026,3446,,2120
@VUTCavaliersBrno,facebook,3351b43e-4b71-442b-b2f1-920cd6e57ee5,3.4.2026,2012,,4820
@218107044725785,facebook,7a942e3e-6c47-4794-9ba7-bbc7b6d40cb3,16.4.2026,1054,,1358
@unitedhk,facebook,bfe6cc29-a387-41b9-9bca-b077722556af,15.4.2026,369,,60
@vychodoceskederbyuniverzit,facebook,f629bac9-817b-48ec-ad8a-dcc58fc55ea9,15.4.2026,64,,12
@218107044725785,facebook,7a942e3e-6c47-4794-9ba7-bbc7b6d40cb3,18.6.2026,1062,,37
@boostrava,instagram,1176ddaf-d366-48a2-9639-3c6694c72c85,26.4.2026,2394,41600,
@218107044725785,facebook,7a942e3e-6c47-4794-9ba7-bbc7b6d40cb3,17.8.2026,1090,,282
@vutcavaliersbrno,instagram,b384bebf-72f3-4f9d-8b2d-3677709f6966,27.4.2026,3468,187631,
@BOhokej,facebook,c9082543-a03b-490f-8f97-66d439acce89,27.4.2026,1591,,490
@VUTCavaliersBrno,facebook,3351b43e-4b71-442b-b2f1-920cd6e57ee5,12.4.2026,2016,,4167
vsefalcons,instagram,709fceba-e311-48e7-9057-f54a587abf4a,5.5.2026,4743,1937992,
@univerzitnihokej,facebook,01b45180-0b14-4a14-96e8-d0a4bab1fb9f,10.4.2026,4977,,10155
@cvutengineers,instagram,11963a07-7f0f-48e6-9d81-aa63a7ff4a04,24.4.2026,7756,183179,
@218107044725785,facebook,7a942e3e-6c47-4794-9ba7-bbc7b6d40cb3,15.8.2026,1089,,367
@hsubrno,facebook,86b4295e-45a1-49a4-a7a5-1a550c3f4bec,25.4.2026,704,,266
@unitedhk,facebook,bfe6cc29-a387-41b9-9bca-b077722556af,25.4.2026,369,,527
univerzitnihokej,tiktok,01c88cf9-594f-408e-a45a-95114221acae,28.6.2026,7463,,
@derbyuniverzit,instagram,be83cfc5-0fa6-4f25-987e-ef890dd591ee,11.4.2026,951,1038,
univerzitnihokej,tiktok,01c88cf9-594f-408e-a45a-95114221acae,10.6.2026,7477,,
@BOhokej,facebook,c9082543-a03b-490f-8f97-66d439acce89,22.4.2026,1592,,493
univerzitnihokej,tiktok,01c88cf9-594f-408e-a45a-95114221acae,13.8.2026,7405,,
@AkademiciPlzen,facebook,d87b94e3-03e8-45d0-b92e-75e9b819545c,13.8.2026,5556,,411
@hcmuni,facebook,d1f9e9f9-7526-42d4-85aa-13f91e89f7cf,9.4.2026,3447,,605
@vychodoceskederbyuniverzit,facebook,f629bac9-817b-48ec-ad8a-dcc58fc55ea9,9.4.2026,64,,3
@bitvaoprahu,facebook,75e0f41f-82be-4f82-a77b-82ac11135ed2,20.4.2026,1162,,16661
@derbyuniverzit,instagram,be83cfc5-0fa6-4f25-987e-ef890dd591ee,20.4.2026,946,2154,
@univerzitnihokej,facebook,01b45180-0b14-4a14-96e8-d0a4bab1fb9f,10.8.2026,5017,,39
@742626308943576,facebook,afcb2720-0a77-4413-95f4-2247bcb8a565,10.8.2026,23,,2
@218107044725785,facebook,7a942e3e-6c47-4794-9ba7-bbc7b6d40cb3,19.7.2026,1094,,58
@218107044725785,facebook,7a942e3e-6c47-4794-9ba7-bbc7b6d40cb3,30.7.2026,1093,,11
@united_hk,tiktok,7e062517-b9da-416d-b73d-a2c5899a2be6,13.5.2026,784,,
@riderspardubice,instagram,4d6a67ab-9313-4f77-a82e-abb18adbca5d,22.8.2026,3769,307089,
@akademici_plzen,tiktok,8f78cb3d-9c53-4c33-9f39-e6526fd8fa1c,29.5.2026,6054,,
@hcmuni,facebook,d1f9e9f9-7526-42d4-85aa-13f91e89f7cf,4.4.2026,3445,,630
@boostrava,instagram,1176ddaf-d366-48a2-9639-3c6694c72c85,20.8.2026,2364,74490,
@akademiciplzen,instagram,65494228-95bf-4f7b-8e68-d47d7262db66,19.4.2026,9028,222896,
univerzitnihokej,tiktok,01c88cf9-594f-408e-a45a-95114221acae,13.7.2026,7445,,
@hcnorthwings,facebook,2b08a479-603b-46e4-8a48-2bc0435ccd53,21.8.2026,1183,,1263
vsefalcons,instagram,709fceba-e311-48e7-9057-f54a587abf4a,21.8.2026,4705,2310682,
@742626308943576,facebook,afcb2720-0a77-4413-95f4-2247bcb8a565,21.8.2026,23,,
@bitvaoprahu,facebook,75e0f41f-82be-4f82-a77b-82ac11135ed2,30.4.2026,1166,,198
@vutcavaliersbrno,instagram,b384bebf-72f3-4f9d-8b2d-3677709f6966,30.4.2026,3466,194901,
vsefalcons,instagram,709fceba-e311-48e7-9057-f54a587abf4a,30.4.2026,4728,1896875,
vsefalcons,instagram,709fceba-e311-48e7-9057-f54a587abf4a,20.3.2026,4324,987710,
@hcupolomouc,instagram,2d87eafd-cf41-4f3e-97d3-6eeb795de43b,3.4.2026,1732,18,
@hsubrno,facebook,86b4295e-45a1-49a4-a7a5-1a550c3f4bec,16.4.2026,702,,276
@riderspardubice,facebook,f99ed6c3-17cc-46f4-a32e-d9b0576ce2df,16.4.2026,1246,,1155
@united_hk,instagram,b18c071b-0570-48b2-b743-990c668c3c5b,16.4.2026,2901,31180,
@united_hk,tiktok,7e062517-b9da-416d-b73d-a2c5899a2be6,17.6.2026,785,,
vsefalcons,instagram,709fceba-e311-48e7-9057-f54a587abf4a,5.1.2026,3041,615466,
@218107044725785,facebook,7a942e3e-6c47-4794-9ba7-bbc7b6d40cb3,10.7.2026,1091,,334
@hcmuni,facebook,d1f9e9f9-7526-42d4-85aa-13f91e89f7cf,15.4.2026,3449,,3626
@vychodoceskederbyuniverzit,facebook,f629bac9-817b-48ec-ad8a-dcc58fc55ea9,29.4.2026,64,,3
vsefalcons,instagram,709fceba-e311-48e7-9057-f54a587abf4a,1.2.2026,3208,846915,
vsefalcons,instagram,709fceba-e311-48e7-9057-f54a587abf4a,30.3.2026,4563,1110944,
@akademici_plzen,tiktok,8f78cb3d-9c53-4c33-9f39-e6526fd8fa1c,27.4.2026,6067,,
@bitva_o_budejce,instagram,f977c0af-061e-4c10-813f-da5818f8a748,14.4.2026,721,325,
@unitedhk,facebook,bfe6cc29-a387-41b9-9bca-b077722556af,12.4.2026,369,,99
@hcmuni,facebook,d1f9e9f9-7526-42d4-85aa-13f91e89f7cf,13.4.2026,3447,,879
@univerzitnihokej,facebook,01b45180-0b14-4a14-96e8-d0a4bab1fb9f,13.4.2026,4978,,7247
vsefalcons,instagram,709fceba-e311-48e7-9057-f54a587abf4a,11.2.2026,3454,1119984,
@akademici_plzen,tiktok,8f78cb3d-9c53-4c33-9f39-e6526fd8fa1c,5.5.2026,6064,,
@hc_muni,instagram,43cd62c8-609d-4ea6-8ce9-cae5242ede0c,25.4.2026,4709,218372,
@hc_muni,instagram,43cd62c8-609d-4ea6-8ce9-cae5242ede0c,11.4.2026,4720,51096,
univerzitnihokej,tiktok,01c88cf9-594f-408e-a45a-95114221acae,17.5.2026,7485,,
@bitva_o_budejce,instagram,f977c0af-061e-4c10-813f-da5818f8a748,12.8.2026,684,1136,
univerzitnihokej,tiktok,01c88cf9-594f-408e-a45a-95114221acae,3.5.2026,7468,,
vsefalcons,instagram,709fceba-e311-48e7-9057-f54a587abf4a,3.7.2026,4731,2251892,
@hsubrno,facebook,86b4295e-45a1-49a4-a7a5-1a550c3f4bec,10.8.2026,718,,12
vsefalcons,instagram,709fceba-e311-48e7-9057-f54a587abf4a,21.4.2026,4659,1754697,
@hcmuni,facebook,d1f9e9f9-7526-42d4-85aa-13f91e89f7cf,11.8.2026,3440,,47
vsefalcons,instagram,709fceba-e311-48e7-9057-f54a587abf4a,30.7.2026,4714,2291805,
@akademici_plzen,tiktok,8f78cb3d-9c53-4c33-9f39-e6526fd8fa1c,6.4.2026,6072,,
@riderspardubice,facebook,f99ed6c3-17cc-46f4-a32e-d9b0576ce2df,6.4.2026,1235,,2078
@akademiciplzen,instagram,65494228-95bf-4f7b-8e68-d47d7262db66,6.4.2026,9030,127745,
@akademici_plzen,tiktok,8f78cb3d-9c53-4c33-9f39-e6526fd8fa1c,20.6.2026,6038,,
@hsubrno,facebook,86b4295e-45a1-49a4-a7a5-1a550c3f4bec,22.8.2026,718,,3
@bitvaoprahu,facebook,75e0f41f-82be-4f82-a77b-82ac11135ed2,22.8.2026,1167,,
@hcnorthwings,facebook,2b08a479-603b-46e4-8a48-2bc0435ccd53,8.4.2026,1171,,278
@univerzitnihokej,facebook,01b45180-0b14-4a14-96e8-d0a4bab1fb9f,8.4.2026,4965,,4679
univerzitnihokej,tiktok,01c88cf9-594f-408e-a45a-95114221acae,14.5.2026,7484,,
@united_hk,tiktok,7e062517-b9da-416d-b73d-a2c5899a2be6,14.5.2026,784,,
vsefalcons,instagram,709fceba-e311-48e7-9057-f54a587abf4a,14.5.2026,4734,2009185,
@univerzitnihokej,instagram,1e114592-3529-4cfe-9977-2598454053af,4.4.2026,13348,231552,
@riderspardubice,facebook,f99ed6c3-17cc-46f4-a32e-d9b0576ce2df,20.8.2026,1282,,726
@bitva_o_budejce,instagram,f977c0af-061e-4c10-813f-da5818f8a748,19.4.2026,722,608,
@vutcavaliersbrno,instagram,b384bebf-72f3-4f9d-8b2d-3677709f6966,18.4.2026,3473,155341,
@riderspardubice,instagram,4d6a67ab-9313-4f77-a82e-abb18adbca5d,18.4.2026,3904,249138,
@742626308943576,facebook,afcb2720-0a77-4413-95f4-2247bcb8a565,18.4.2026,20,,14
@hcnorthwings,facebook,2b08a479-603b-46e4-8a48-2bc0435ccd53,5.4.2026,1171,,695
@BOhokej,facebook,c9082543-a03b-490f-8f97-66d439acce89,5.4.2026,1584,,849
@riderspardubice,instagram,4d6a67ab-9313-4f77-a82e-abb18adbca5d,21.8.2026,3766,307084,
univerzitnihokej,tiktok,01c88cf9-594f-408e-a45a-95114221acae,14.7.2026,7445,,
@hc_muni,instagram,43cd62c8-609d-4ea6-8ce9-cae5242ede0c,28.4.2026,4700,229567,
@vychodoceskederbyuniverzit,facebook,f629bac9-817b-48ec-ad8a-dcc58fc55ea9,28.4.2026,64,,
vsefalcons,instagram,709fceba-e311-48e7-9057-f54a587abf4a,16.6.2026,4750,2177804,
@cvutengineers,instagram,11963a07-7f0f-48e6-9d81-aa63a7ff4a04,15.4.2026,7679,129789,
vsefalcons,instagram,709fceba-e311-48e7-9057-f54a587abf4a,23.7.2026,4720,2291136,
@akademiciplzen,instagram,65494228-95bf-4f7b-8e68-d47d7262db66,26.4.2026,9022,276830,
@218107044725785,facebook,7a942e3e-6c47-4794-9ba7-bbc7b6d40cb3,24.7.2026,1093,,16
vsefalcons,instagram,709fceba-e311-48e7-9057-f54a587abf4a,21.7.2026,4727,2289362,
@VUTCavaliersBrno,facebook,3351b43e-4b71-442b-b2f1-920cd6e57ee5,27.4.2026,2019,,1496
@derbyuniverzit,instagram,be83cfc5-0fa6-4f25-987e-ef890dd591ee,14.4.2026,949,1303,
@univerzitnihokej,facebook,01b45180-0b14-4a14-96e8-d0a4bab1fb9f,12.4.2026,4977,,7269
vsefalcons,instagram,709fceba-e311-48e7-9057-f54a587abf4a,20.5.2026,4728,2075451,
@bitvaoprahu,instagram,d7c8aa06-74fb-4c6c-a7d2-c2fe1bf6d59c,13.4.2026,5309,411290,
@218107044725785,facebook,7a942e3e-6c47-4794-9ba7-bbc7b6d40cb3,22.7.2026,1093,,21
univerzitnihokej,tiktok,01c88cf9-594f-408e-a45a-95114221acae,26.6.2026,7463,,
univerzitnihokej,tiktok,01c88cf9-594f-408e-a45a-95114221acae,25.4.2026,7459,,
@hcupolomouc,facebook,2ade9992-8ce5-433a-a017-780fa6157ede,25.4.2026,1960,,4
@cvutengineers,instagram,11963a07-7f0f-48e6-9d81-aa63a7ff4a04,12.8.2026,7736,221701,
@vychodoceskederbyuniverzit,facebook,f629bac9-817b-48ec-ad8a-dcc58fc55ea9,12.8.2026,62,,
@AkademiciPlzen,facebook,d87b94e3-03e8-45d0-b92e-75e9b819545c,12.8.2026,5556,,236
@univerzitnihokej,facebook,01b45180-0b14-4a14-96e8-d0a4bab1fb9f,22.4.2026,4991,,2704
vsefalcons,instagram,709fceba-e311-48e7-9057-f54a587abf4a,4.5.2026,4744,1934693,
@hcnorthwings,facebook,2b08a479-603b-46e4-8a48-2bc0435ccd53,13.8.2026,1176,,2595
@742626308943576,facebook,afcb2720-0a77-4413-95f4-2247bcb8a565,9.4.2026,20,,
univerzitnihokej,tiktok,01c88cf9-594f-408e-a45a-95114221acae,1.5.2026,7467,,
@VUTCavaliersBrno,facebook,3351b43e-4b71-442b-b2f1-920cd6e57ee5,10.8.2026,2028,,12
@vychodoceskederbyuniverzit,facebook,f629bac9-817b-48ec-ad8a-dcc58fc55ea9,10.8.2026,62,,
@akademici_plzen,tiktok,8f78cb3d-9c53-4c33-9f39-e6526fd8fa1c,21.4.2026,6067,,
@AkademiciPlzen,facebook,d87b94e3-03e8-45d0-b92e-75e9b819545c,21.4.2026,5566,,1146
@united_hk,instagram,b18c071b-0570-48b2-b743-990c668c3c5b,11.8.2026,2868,100101,
@218107044725785,facebook,7a942e3e-6c47-4794-9ba7-bbc7b6d40cb3,4.7.2026,1090,,406
@boostrava,instagram,1176ddaf-d366-48a2-9639-3c6694c72c85,6.4.2026,2403,5560,
vsefalcons,instagram,709fceba-e311-48e7-9057-f54a587abf4a,6.4.2026,4597,1243665,
@akademiciplzen,instagram,65494228-95bf-4f7b-8e68-d47d7262db66,7.4.2026,9028,139326,
@boostrava,instagram,1176ddaf-d366-48a2-9639-3c6694c72c85,7.4.2026,2402,6095,
@VUTCavaliersBrno,facebook,3351b43e-4b71-442b-b2f1-920cd6e57ee5,7.4.2026,2012,,1184
@hcmuni,facebook,d1f9e9f9-7526-42d4-85aa-13f91e89f7cf,8.4.2026,3447,,1907
vsefalcons,instagram,709fceba-e311-48e7-9057-f54a587abf4a,9.1.2026,3076,650941,
vsefalcons,instagram,709fceba-e311-48e7-9057-f54a587abf4a,12.3.2026,4022,761830,
@riderspardubice,instagram,4d6a67ab-9313-4f77-a82e-abb18adbca5d,20.8.2026,3767,307045,
@VUTCavaliersBrno,facebook,3351b43e-4b71-442b-b2f1-920cd6e57ee5,20.8.2026,2029,,70
@BOhokej,facebook,c9082543-a03b-490f-8f97-66d439acce89,20.8.2026,1581,,232
@boostrava,instagram,1176ddaf-d366-48a2-9639-3c6694c72c85,19.4.2026,2403,28587,
@AkademiciPlzen,facebook,d87b94e3-03e8-45d0-b92e-75e9b819545c,18.4.2026,5565,,3244
@cvutengineers,instagram,11963a07-7f0f-48e6-9d81-aa63a7ff4a04,5.4.2026,7640,31959,
@unitedhk,facebook,bfe6cc29-a387-41b9-9bca-b077722556af,21.8.2026,390,,1039
@bitvaoprahu,instagram,d7c8aa06-74fb-4c6c-a7d2-c2fe1bf6d59c,30.4.2026,5299,587038,
univerzitnihokej,tiktok,01c88cf9-594f-408e-a45a-95114221acae,19.6.2026,7470,,
@vutcavaliersbrno,instagram,b384bebf-72f3-4f9d-8b2d-3677709f6966,2.4.2026,3470,22954,
@derbyuniverzit,instagram,be83cfc5-0fa6-4f25-987e-ef890dd591ee,17.4.2026,946,1746,
@derbyuniverzit,instagram,be83cfc5-0fa6-4f25-987e-ef890dd591ee,28.4.2026,939,2747,
vsefalcons,instagram,709fceba-e311-48e7-9057-f54a587abf4a,19.1.2026,3128,740915,
univerzitnihokej,tiktok,01c88cf9-594f-408e-a45a-95114221acae,17.6.2026,7470,,
@akademici_plzen,tiktok,8f78cb3d-9c53-4c33-9f39-e6526fd8fa1c,2.6.2026,6051,,
univerzitnihokej,tiktok,01c88cf9-594f-408e-a45a-95114221acae,6.8.2026,7419,,
@riderspardubice,instagram,4d6a67ab-9313-4f77-a82e-abb18adbca5d,15.4.2026,3886,243043,
@hokejovy_souboj_univerzit,instagram,cb4021a2-14da-41f5-8b43-0502f11720aa,26.4.2026,2823,48135,
@unitedhk,facebook,bfe6cc29-a387-41b9-9bca-b077722556af,26.4.2026,369,,232
vsefalcons,instagram,709fceba-e311-48e7-9057-f54a587abf4a,5.3.2026,3732,1511931,
univerzitnihokej,tiktok,01c88cf9-594f-408e-a45a-95114221acae,27.4.2026,7461,,
vsefalcons,instagram,709fceba-e311-48e7-9057-f54a587abf4a,3.8.2026,4707,2292137,
@riderspardubice,facebook,f99ed6c3-17cc-46f4-a32e-d9b0576ce2df,12.4.2026,1243,,2023
@akademici_plzen,tiktok,8f78cb3d-9c53-4c33-9f39-e6526fd8fa1c,15.6.2026,6042,,
vsefalcons,instagram,709fceba-e311-48e7-9057-f54a587abf4a,1.6.2026,4738,2149864,
@cvutengineers,instagram,11963a07-7f0f-48e6-9d81-aa63a7ff4a04,13.4.2026,7666,112337,
vsefalcons,instagram,709fceba-e311-48e7-9057-f54a587abf4a,13.4.2026,4616,1421447,
@akademici_plzen,tiktok,8f78cb3d-9c53-4c33-9f39-e6526fd8fa1c,31.5.2026,6052,,
@hcmuni,facebook,d1f9e9f9-7526-42d4-85aa-13f91e89f7cf,25.4.2026,3445,,842
@univerzitnihokej,facebook,01b45180-0b14-4a14-96e8-d0a4bab1fb9f,25.4.2026,4994,,3164
@akademici_plzen,tiktok,8f78cb3d-9c53-4c33-9f39-e6526fd8fa1c,7.5.2026,6064,,
vsefalcons,instagram,709fceba-e311-48e7-9057-f54a587abf4a,2.1.2026,3028,593985,
@BOhokej,facebook,c9082543-a03b-490f-8f97-66d439acce89,12.8.2026,1582,,458
vsefalcons,instagram,709fceba-e311-48e7-9057-f54a587abf4a,8.2.2026,3380,1054431,
univerzitnihokej,tiktok,01c88cf9-594f-408e-a45a-95114221acae,25.6.2026,7464,,
@unitedhk,facebook,bfe6cc29-a387-41b9-9bca-b077722556af,13.8.2026,387,,310
@hcupolomouc,instagram,2d87eafd-cf41-4f3e-97d3-6eeb795de43b,23.4.2026,1722,158,
@218107044725785,facebook,7a942e3e-6c47-4794-9ba7-bbc7b6d40cb3,20.4.2026,1056,,152
vsefalcons,instagram,709fceba-e311-48e7-9057-f54a587abf4a,2.5.2026,4742,1921436,
@vutcavaliersbrno,instagram,b384bebf-72f3-4f9d-8b2d-3677709f6966,21.4.2026,3472,167417,
@akademici_plzen,tiktok,8f78cb3d-9c53-4c33-9f39-e6526fd8fa1c,9.6.2026,6046,,
vsefalcons,instagram,709fceba-e311-48e7-9057-f54a587abf4a,9.6.2026,4750,2169890,
@unitedhk,facebook,bfe6cc29-a387-41b9-9bca-b077722556af,8.4.2026,368,,222
vsefalcons,instagram,709fceba-e311-48e7-9057-f54a587abf4a,29.5.2026,4738,2124560,
@univerzitnihokej,instagram,1e114592-3529-4cfe-9977-2598454053af,23.8.2026,14110,1351322,
@riderspardubice,facebook,f99ed6c3-17cc-46f4-a32e-d9b0576ce2df,4.4.2026,1232,,1499
@hcupolomouc,instagram,2d87eafd-cf41-4f3e-97d3-6eeb795de43b,20.8.2026,1685,214,
@engineersprague,facebook,afd06d1d-7b1c-4f66-8d93-ce4255ab773c,20.8.2026,3899,,43
@218107044725785,facebook,7a942e3e-6c47-4794-9ba7-bbc7b6d40cb3,30.4.2026,1059,,793
@riderspardubice,instagram,4d6a67ab-9313-4f77-a82e-abb18adbca5d,2.4.2026,3871,56607,
@VUTCavaliersBrno,facebook,3351b43e-4b71-442b-b2f1-920cd6e57ee5,2.4.2026,2014,,6650
@engineersprague,facebook,afd06d1d-7b1c-4f66-8d93-ce4255ab773c,3.4.2026,3905,,1324
@218107044725785,facebook,7a942e3e-6c47-4794-9ba7-bbc7b6d40cb3,5.8.2026,1089,,239
@riderspardubice,facebook,f99ed6c3-17cc-46f4-a32e-d9b0576ce2df,28.4.2026,1253,,2339
@unitedhk,facebook,bfe6cc29-a387-41b9-9bca-b077722556af,28.4.2026,370,,893
@BOhokej,facebook,c9082543-a03b-490f-8f97-66d439acce89,28.4.2026,1591,,599
univerzitnihokej,tiktok,01c88cf9-594f-408e-a45a-95114221acae,10.7.2026,7447,,
@hcupolomouc,instagram,2d87eafd-cf41-4f3e-97d3-6eeb795de43b,15.4.2026,1724,112,
@hcupolomouc,facebook,2ade9992-8ce5-433a-a017-780fa6157ede,29.4.2026,1960,,6
@riderspardubice,facebook,f99ed6c3-17cc-46f4-a32e-d9b0576ce2df,26.4.2026,1249,,1410
@742626308943576,facebook,afcb2720-0a77-4413-95f4-2247bcb8a565,27.4.2026,20,,5
@akademici_plzen,tiktok,8f78cb3d-9c53-4c33-9f39-e6526fd8fa1c,10.4.2026,6074,,
@boostrava,instagram,1176ddaf-d366-48a2-9639-3c6694c72c85,10.4.2026,2402,8678,
@akademici_plzen,tiktok,8f78cb3d-9c53-4c33-9f39-e6526fd8fa1c,12.6.2026,6043,,
@univerzitnihokej,facebook,01b45180-0b14-4a14-96e8-d0a4bab1fb9f,24.4.2026,4993,,3857
univerzitnihokej,tiktok,01c88cf9-594f-408e-a45a-95114221acae,9.7.2026,7446,,
univerzitnihokej,tiktok,01c88cf9-594f-408e-a45a-95114221acae,16.8.2026,7400,,
vsefalcons,instagram,709fceba-e311-48e7-9057-f54a587abf4a,29.3.2026,4556,1098244,
@bitvaoprahu,instagram,d7c8aa06-74fb-4c6c-a7d2-c2fe1bf6d59c,12.8.2026,5091,587045,
@akademici_plzen,tiktok,8f78cb3d-9c53-4c33-9f39-e6526fd8fa1c,22.4.2026,6066,,
@vutcavaliersbrno,instagram,b384bebf-72f3-4f9d-8b2d-3677709f6966,22.4.2026,3470,169736,
@united_hk,tiktok,7e062517-b9da-416d-b73d-a2c5899a2be6,11.6.2026,785,,
univerzitnihokej,tiktok,01c88cf9-594f-408e-a45a-95114221acae,19.5.2026,7485,,
@riderspardubice,facebook,f99ed6c3-17cc-46f4-a32e-d9b0576ce2df,9.4.2026,1239,,3572
@bitvaoprahu,facebook,75e0f41f-82be-4f82-a77b-82ac11135ed2,9.4.2026,1121,,9423
@united_hk,instagram,b18c071b-0570-48b2-b743-990c668c3c5b,20.4.2026,2900,42352,
@united_hk,tiktok,7e062517-b9da-416d-b73d-a2c5899a2be6,15.5.2026,784,,
vsefalcons,instagram,709fceba-e311-48e7-9057-f54a587abf4a,10.8.2026,4693,2293835,
vsefalcons,instagram,709fceba-e311-48e7-9057-f54a587abf4a,7.2.2026,3336,1020301,
@hcupolomouc,facebook,2ade9992-8ce5-433a-a017-780fa6157ede,21.4.2026,1960,,7
@bitvaoprahu,instagram,d7c8aa06-74fb-4c6c-a7d2-c2fe1bf6d59c,11.8.2026,5093,587045,
@hcupolomouc,facebook,2ade9992-8ce5-433a-a017-780fa6157ede,6.4.2026,1962,,21
vsefalcons,instagram,709fceba-e311-48e7-9057-f54a587abf4a,18.2.2026,3552,1293676,
@derbyuniverzit,instagram,be83cfc5-0fa6-4f25-987e-ef890dd591ee,22.8.2026,888,2894,
@vychodoceskederbyuniverzit,facebook,f629bac9-817b-48ec-ad8a-dcc58fc55ea9,22.8.2026,62,,
@united_hk,tiktok,7e062517-b9da-416d-b73d-a2c5899a2be6,28.5.2026,783,,
vsefalcons,instagram,709fceba-e311-48e7-9057-f54a587abf4a,23.8.2026,4714,2311059,
@218107044725785,facebook,7a942e3e-6c47-4794-9ba7-bbc7b6d40cb3,2.7.2026,1089,,535
@akademici_plzen,tiktok,8f78cb3d-9c53-4c33-9f39-e6526fd8fa1c,25.5.2026,6056,,
@hcmuni,facebook,d1f9e9f9-7526-42d4-85aa-13f91e89f7cf,20.8.2026,3439,,142
@vutcavaliersbrno,instagram,b384bebf-72f3-4f9d-8b2d-3677709f6966,19.4.2026,3473,157366,
@BOhokej,facebook,c9082543-a03b-490f-8f97-66d439acce89,18.4.2026,1591,,337
vsefalcons,instagram,709fceba-e311-48e7-9057-f54a587abf4a,28.7.2026,4719,2291691,
@united_hk,tiktok,7e062517-b9da-416d-b73d-a2c5899a2be6,11.5.2026,783,,
@univerzitnihokej,instagram,1e114592-3529-4cfe-9977-2598454053af,21.8.2026,14098,1351249,
@hokejovy_souboj_univerzit,instagram,cb4021a2-14da-41f5-8b43-0502f11720aa,30.4.2026,2839,50204,
@united_hk,tiktok,7e062517-b9da-416d-b73d-a2c5899a2be6,19.6.2026,784,,
@vutcavaliersbrno,instagram,b384bebf-72f3-4f9d-8b2d-3677709f6966,3.4.2026,3473,30579,
@unitedhk,facebook,bfe6cc29-a387-41b9-9bca-b077722556af,17.4.2026,369,,93
@univerzitnihokej,facebook,01b45180-0b14-4a14-96e8-d0a4bab1fb9f,16.4.2026,4987,,3287
@BOhokej,facebook,c9082543-a03b-490f-8f97-66d439acce89,16.4.2026,1590,,372
vsefalcons,instagram,709fceba-e311-48e7-9057-f54a587abf4a,2.6.2026,4734,2153123,
@hcnorthwings,facebook,2b08a479-603b-46e4-8a48-2bc0435ccd53,29.4.2026,1169,,45
vsefalcons,instagram,709fceba-e311-48e7-9057-f54a587abf4a,6.1.2026,3049,624455,
@vychodoceskederbyuniverzit,facebook,f629bac9-817b-48ec-ad8a-dcc58fc55ea9,26.4.2026,64,,4
vsefalcons,instagram,709fceba-e311-48e7-9057-f54a587abf4a,12.7.2026,4740,2279632,
vsefalcons,instagram,709fceba-e311-48e7-9057-f54a587abf4a,17.8.2026,4695,2304847,
@united_hk,tiktok,7e062517-b9da-416d-b73d-a2c5899a2be6,14.6.2026,785,,
@united_hk,tiktok,7e062517-b9da-416d-b73d-a2c5899a2be6,27.4.2026,779,,
@engineersprague,facebook,afd06d1d-7b1c-4f66-8d93-ce4255ab773c,14.4.2026,3905,,415
@akademiciplzen,instagram,65494228-95bf-4f7b-8e68-d47d7262db66,12.4.2026,9025,188437,
@cvutengineers,instagram,11963a07-7f0f-48e6-9d81-aa63a7ff4a04,12.4.2026,7667,105095,
@hc_muni,instagram,43cd62c8-609d-4ea6-8ce9-cae5242ede0c,12.4.2026,4719,52542,
@bitvaoprahu,instagram,d7c8aa06-74fb-4c6c-a7d2-c2fe1bf6d59c,24.4.2026,5306,572065,
@218107044725785,facebook,7a942e3e-6c47-4794-9ba7-bbc7b6d40cb3,9.7.2026,1090,,178
@bitvaoprahu,facebook,75e0f41f-82be-4f82-a77b-82ac11135ed2,25.4.2026,1165,,351
@akademiciplzen,instagram,65494228-95bf-4f7b-8e68-d47d7262db66,11.4.2026,9025,182359,
@riderspardubice,instagram,4d6a67ab-9313-4f77-a82e-abb18adbca5d,12.8.2026,3751,304666,
@hokejovy_souboj_univerzit,instagram,cb4021a2-14da-41f5-8b43-0502f11720aa,12.8.2026,3420,50209,
@VUTCavaliersBrno,facebook,3351b43e-4b71-442b-b2f1-920cd6e57ee5,12.8.2026,2029,,58
@742626308943576,facebook,afcb2720-0a77-4413-95f4-2247bcb8a565,12.8.2026,23,,1
@hcmuni,facebook,d1f9e9f9-7526-42d4-85aa-13f91e89f7cf,13.8.2026,3440,,588
vsefalcons,instagram,709fceba-e311-48e7-9057-f54a587abf4a,27.3.2026,4533,1080652,
@VUTCavaliersBrno,facebook,3351b43e-4b71-442b-b2f1-920cd6e57ee5,23.4.2026,2021,,1963
@hcupolomouc,facebook,2ade9992-8ce5-433a-a017-780fa6157ede,9.4.2026,1961,,27
@akademiciplzen,instagram,65494228-95bf-4f7b-8e68-d47d7262db66,20.4.2026,9027,228599,
@218107044725785,facebook,7a942e3e-6c47-4794-9ba7-bbc7b6d40cb3,3.7.2026,1090,,1042
@riderspardubice,instagram,4d6a67ab-9313-4f77-a82e-abb18adbca5d,21.4.2026,3905,261329,
vsefalcons,instagram,709fceba-e311-48e7-9057-f54a587abf4a,4.7.2026,4735,2258540,
@akademici_plzen,tiktok,8f78cb3d-9c53-4c33-9f39-e6526fd8fa1c,23.6.2026,6039,,
univerzitnihokej,tiktok,01c88cf9-594f-408e-a45a-95114221acae,13.5.2026,7479,,
@vychodoceskederbyuniverzit,facebook,f629bac9-817b-48ec-ad8a-dcc58fc55ea9,7.4.2026,64,,5
@bitva_o_budejce,instagram,f977c0af-061e-4c10-813f-da5818f8a748,8.4.2026,721,74,
@AkademiciPlzen,facebook,d87b94e3-03e8-45d0-b92e-75e9b819545c,8.4.2026,5561,,2098
@engineersprague,facebook,afd06d1d-7b1c-4f66-8d93-ce4255ab773c,23.8.2026,3899,,702
@riderspardubice,instagram,4d6a67ab-9313-4f77-a82e-abb18adbca5d,23.8.2026,3768,307089,
@united_hk,tiktok,7e062517-b9da-416d-b73d-a2c5899a2be6,25.5.2026,783,,
@bitva_o_budejce,instagram,f977c0af-061e-4c10-813f-da5818f8a748,20.8.2026,686,1145,
@742626308943576,facebook,afcb2720-0a77-4413-95f4-2247bcb8a565,19.4.2026,20,,5
@hcupolomouc,instagram,2d87eafd-cf41-4f3e-97d3-6eeb795de43b,18.4.2026,1722,128,
@univerzitnihokej,facebook,01b45180-0b14-4a14-96e8-d0a4bab1fb9f,18.4.2026,4988,,3019
@akademici_plzen,tiktok,8f78cb3d-9c53-4c33-9f39-e6526fd8fa1c,8.6.2026,6047,,
vsefalcons,instagram,709fceba-e311-48e7-9057-f54a587abf4a,2.2.2026,3216,878608,
@boostrava,instagram,1176ddaf-d366-48a2-9639-3c6694c72c85,21.8.2026,2365,74609,
@hcupolomouc,instagram,2d87eafd-cf41-4f3e-97d3-6eeb795de43b,30.4.2026,1722,209,
vsefalcons,instagram,709fceba-e311-48e7-9057-f54a587abf4a,7.3.2026,3797,1558701,
@univerzitnihokej,instagram,1e114592-3529-4cfe-9977-2598454053af,26.4.2026,13637,1138324,
@hokejovy_souboj_univerzit,instagram,cb4021a2-14da-41f5-8b43-0502f11720aa,27.4.2026,2830,48724,
@united_hk,tiktok,7e062517-b9da-416d-b73d-a2c5899a2be6,14.4.2026,777,,
@hcupolomouc,facebook,2ade9992-8ce5-433a-a017-780fa6157ede,14.4.2026,1960,,5
@hokejovy_souboj_univerzit,instagram,cb4021a2-14da-41f5-8b43-0502f11720aa,13.4.2026,2753,22493,
vsefalcons,instagram,709fceba-e311-48e7-9057-f54a587abf4a,26.6.2026,4741,2235575,
@riderspardubice,instagram,4d6a67ab-9313-4f77-a82e-abb18adbca5d,25.4.2026,3900,284391,
@218107044725785,facebook,7a942e3e-6c47-4794-9ba7-bbc7b6d40cb3,16.8.2026,1089,,588
@akademici_plzen,tiktok,8f78cb3d-9c53-4c33-9f39-e6526fd8fa1c,6.5.2026,6064,,
@cvutengineers,instagram,11963a07-7f0f-48e6-9d81-aa63a7ff4a04,11.4.2026,7664,86721,
univerzitnihokej,tiktok,01c88cf9-594f-408e-a45a-95114221acae,7.5.2026,7475,,
@derbyuniverzit,instagram,be83cfc5-0fa6-4f25-987e-ef890dd591ee,12.8.2026,894,2886,
@riderspardubice,facebook,f99ed6c3-17cc-46f4-a32e-d9b0576ce2df,22.4.2026,1251,,2289
@vychodoceskederbyuniverzit,facebook,f629bac9-817b-48ec-ad8a-dcc58fc55ea9,22.4.2026,64,,1
vsefalcons,instagram,709fceba-e311-48e7-9057-f54a587abf4a,16.3.2026,4135,840512,
@united_hk,tiktok,7e062517-b9da-416d-b73d-a2c5899a2be6,3.5.2026,783,,
vsefalcons,instagram,709fceba-e311-48e7-9057-f54a587abf4a,25.6.2026,4742,2221347,
@unitedhk,facebook,bfe6cc29-a387-41b9-9bca-b077722556af,23.4.2026,368,,299
@akademiciplzen,instagram,65494228-95bf-4f7b-8e68-d47d7262db66,9.4.2026,9024,164445,
@AkademiciPlzen,facebook,d87b94e3-03e8-45d0-b92e-75e9b819545c,9.4.2026,5561,,2016
@hcupolomouc,instagram,2d87eafd-cf41-4f3e-97d3-6eeb795de43b,20.4.2026,1722,141,
@VUTCavaliersBrno,facebook,3351b43e-4b71-442b-b2f1-920cd6e57ee5,20.4.2026,2021,,1976
@AkademiciPlzen,facebook,d87b94e3-03e8-45d0-b92e-75e9b819545c,10.8.2026,5556,,394
@218107044725785,facebook,7a942e3e-6c47-4794-9ba7-bbc7b6d40cb3,20.6.2026,1063,,39
vsefalcons,instagram,709fceba-e311-48e7-9057-f54a587abf4a,16.5.2026,4732,2028478,
@vychodoceskederbyuniverzit,facebook,f629bac9-817b-48ec-ad8a-dcc58fc55ea9,23.8.2026,62,,1
@cvutengineers,instagram,11963a07-7f0f-48e6-9d81-aa63a7ff4a04,4.4.2026,7636,27371,
@riderspardubice,facebook,f99ed6c3-17cc-46f4-a32e-d9b0576ce2df,19.4.2026,1249,,1005
@VUTCavaliersBrno,facebook,3351b43e-4b71-442b-b2f1-920cd6e57ee5,19.4.2026,2021,,1480
@boostrava,instagram,1176ddaf-d366-48a2-9639-3c6694c72c85,18.4.2026,2400,27338,
@united_hk,tiktok,7e062517-b9da-416d-b73d-a2c5899a2be6,7.6.2026,784,,
@hcmuni,facebook,d1f9e9f9-7526-42d4-85aa-13f91e89f7cf,21.8.2026,3439,,78
@218107044725785,facebook,7a942e3e-6c47-4794-9ba7-bbc7b6d40cb3,25.7.2026,1093,,10
vsefalcons,instagram,709fceba-e311-48e7-9057-f54a587abf4a,21.3.2026,4412,1000754,
@hcupolomouc,instagram,2d87eafd-cf41-4f3e-97d3-6eeb795de43b,16.4.2026,1723,117,
@hcupolomouc,instagram,2d87eafd-cf41-4f3e-97d3-6eeb795de43b,28.4.2026,1722,192,
@akademiciplzen,instagram,65494228-95bf-4f7b-8e68-d47d7262db66,15.4.2026,9020,211539,
@univerzitnihokej,facebook,01b45180-0b14-4a14-96e8-d0a4bab1fb9f,15.4.2026,4984,,4760
@VUTCavaliersBrno,facebook,3351b43e-4b71-442b-b2f1-920cd6e57ee5,1.4.2026,2013,,8271
@218107044725785,facebook,7a942e3e-6c47-4794-9ba7-bbc7b6d40cb3,26.4.2026,1060,,264
vsefalcons,instagram,709fceba-e311-48e7-9057-f54a587abf4a,17.1.2026,3116,717423,
vsefalcons,instagram,709fceba-e311-48e7-9057-f54a587abf4a,29.6.2026,4735,2241165,
@218107044725785,facebook,7a942e3e-6c47-4794-9ba7-bbc7b6d40cb3,21.7.2026,1093,,22
@hcnorthwings,facebook,2b08a479-603b-46e4-8a48-2bc0435ccd53,14.4.2026,1170,,253
@vychodoceskederbyuniverzit,facebook,f629bac9-817b-48ec-ad8a-dcc58fc55ea9,14.4.2026,64,,3
vsefalcons,instagram,709fceba-e311-48e7-9057-f54a587abf4a,10.2.2026,3431,1093222,
@hcnorthwings,facebook,2b08a479-603b-46e4-8a48-2bc0435ccd53,12.4.2026,1171,,228
@boostrava,instagram,1176ddaf-d366-48a2-9639-3c6694c72c85,12.4.2026,2401,13363,
vsefalcons,instagram,709fceba-e311-48e7-9057-f54a587abf4a,12.4.2026,4610,1400673,
vsefalcons,instagram,709fceba-e311-48e7-9057-f54a587abf4a,17.3.2026,4143,854987,
@united_hk,tiktok,7e062517-b9da-416d-b73d-a2c5899a2be6,24.4.2026,778,,
@hcnorthwings,facebook,2b08a479-603b-46e4-8a48-2bc0435ccd53,24.4.2026,1169,,191
@218107044725785,facebook,7a942e3e-6c47-4794-9ba7-bbc7b6d40cb3,11.4.2026,1052,,2194
@vychodoceskederbyuniverzit,facebook,f629bac9-817b-48ec-ad8a-dcc58fc55ea9,11.4.2026,64,,2
vsefalcons,instagram,709fceba-e311-48e7-9057-f54a587abf4a,27.6.2026,4740,2238594,
@akademici_plzen,tiktok,8f78cb3d-9c53-4c33-9f39-e6526fd8fa1c,18.5.2026,6061,,
vsefalcons,instagram,709fceba-e311-48e7-9057-f54a587abf4a,22.4.2026,4661,1772539,
vsefalcons,instagram,709fceba-e311-48e7-9057-f54a587abf4a,7.7.2026,4738,2265987,
@BOhokej,facebook,c9082543-a03b-490f-8f97-66d439acce89,13.8.2026,1582,,432
@riderspardubice,facebook,f99ed6c3-17cc-46f4-a32e-d9b0576ce2df,20.4.2026,1249,,476
@bitvaoprahu,instagram,d7c8aa06-74fb-4c6c-a7d2-c2fe1bf6d59c,20.4.2026,5311,552528,
@unitedhk,facebook,bfe6cc29-a387-41b9-9bca-b077722556af,20.4.2026,369,,66
univerzitnihokej,tiktok,01c88cf9-594f-408e-a45a-95114221acae,15.5.2026,7485,,
@akademici_plzen,tiktok,8f78cb3d-9c53-4c33-9f39-e6526fd8fa1c,2.5.2026,6064,,
@hcmuni,facebook,d1f9e9f9-7526-42d4-85aa-13f91e89f7cf,21.4.2026,3445,,5964
@218107044725785,facebook,7a942e3e-6c47-4794-9ba7-bbc7b6d40cb3,21.4.2026,1057,,667
@riderspardubice,facebook,f99ed6c3-17cc-46f4-a32e-d9b0576ce2df,11.8.2026,1277,,18
@vutcavaliersbrno,instagram,b384bebf-72f3-4f9d-8b2d-3677709f6966,11.8.2026,3429,194906,
@bitva_o_budejce,instagram,f977c0af-061e-4c10-813f-da5818f8a748,11.8.2026,685,1136,
@unitedhk,facebook,bfe6cc29-a387-41b9-9bca-b077722556af,11.8.2026,385,,427
vsefalcons,instagram,709fceba-e311-48e7-9057-f54a587abf4a,15.7.2026,4738,2285659,
vsefalcons,instagram,709fceba-e311-48e7-9057-f54a587abf4a,23.1.2026,3177,786397,
@united_hk,instagram,b18c071b-0570-48b2-b743-990c668c3c5b,7.4.2026,2906,2304,
@AkademiciPlzen,facebook,d87b94e3-03e8-45d0-b92e-75e9b819545c,7.4.2026,5560,,3542
@hc_muni,instagram,43cd62c8-609d-4ea6-8ce9-cae5242ede0c,8.4.2026,4727,38826,
@akademici_plzen,tiktok,8f78cb3d-9c53-4c33-9f39-e6526fd8fa1c,28.5.2026,6055,,
@hcmuni,facebook,d1f9e9f9-7526-42d4-85aa-13f91e89f7cf,19.4.2026,3445,,10253
@univerzitnihokej,instagram,1e114592-3529-4cfe-9977-2598454053af,19.4.2026,13581,906112,
@univerzitnihokej,facebook,01b45180-0b14-4a14-96e8-d0a4bab1fb9f,19.4.2026,4989,,1429
@bitvaoprahu,instagram,d7c8aa06-74fb-4c6c-a7d2-c2fe1bf6d59c,18.4.2026,5316,528779,
vsefalcons,instagram,709fceba-e311-48e7-9057-f54a587abf4a,18.4.2026,4648,1638178,
univerzitnihokej,tiktok,01c88cf9-594f-408e-a45a-95114221acae,28.7.2026,7431,,
@engineersprague,facebook,afd06d1d-7b1c-4f66-8d93-ce4255ab773c,5.4.2026,3904,,1782
@derbyuniverzit,instagram,be83cfc5-0fa6-4f25-987e-ef890dd591ee,21.8.2026,888,2894,
vsefalcons,instagram,709fceba-e311-48e7-9057-f54a587abf4a,7.1.2026,3057,631579,
@riderspardubice,instagram,4d6a67ab-9313-4f77-a82e-abb18adbca5d,30.4.2026,3887,304461,
@united_hk,tiktok,7e062517-b9da-416d-b73d-a2c5899a2be6,4.6.2026,784,,
vsefalcons,instagram,709fceba-e311-48e7-9057-f54a587abf4a,2.4.2026,4588,1145111,
@vutcavaliersbrno,instagram,b384bebf-72f3-4f9d-8b2d-3677709f6966,17.4.2026,3473,152420,
@engineersprague,facebook,afd06d1d-7b1c-4f66-8d93-ce4255ab773c,17.4.2026,3905,,337
@akademici_plzen,tiktok,8f78cb3d-9c53-4c33-9f39-e6526fd8fa1c,28.4.2026,6066,,
@218107044725785,facebook,7a942e3e-6c47-4794-9ba7-bbc7b6d40cb3,27.7.2026,1093,,3
@akademiciplzen,instagram,65494228-95bf-4f7b-8e68-d47d7262db66,29.4.2026,9023,307543,
@derbyuniverzit,instagram,be83cfc5-0fa6-4f25-987e-ef890dd591ee,29.4.2026,940,2811,
@BOhokej,facebook,c9082543-a03b-490f-8f97-66d439acce89,29.4.2026,1591,,14789
univerzitnihokej,tiktok,01c88cf9-594f-408e-a45a-95114221acae,3.6.2026,7479,,
@hsubrno,facebook,86b4295e-45a1-49a4-a7a5-1a550c3f4bec,26.4.2026,704,,190
@bitvaoprahu,facebook,75e0f41f-82be-4f82-a77b-82ac11135ed2,26.4.2026,1166,,1828
@218107044725785,facebook,7a942e3e-6c47-4794-9ba7-bbc7b6d40cb3,12.7.2026,1093,,170
vsefalcons,instagram,709fceba-e311-48e7-9057-f54a587abf4a,19.3.2026,4241,936998,
vsefalcons,instagram,709fceba-e311-48e7-9057-f54a587abf4a,22.5.2026,4727,2088697,
@cvutengineers,instagram,11963a07-7f0f-48e6-9d81-aa63a7ff4a04,27.4.2026,7790,203744,
@bitva_o_budejce,instagram,f977c0af-061e-4c10-813f-da5818f8a748,27.4.2026,718,988,
vsefalcons,instagram,709fceba-e311-48e7-9057-f54a587abf4a,2.8.2026,4710,2292137,
vsefalcons,instagram,709fceba-e311-48e7-9057-f54a587abf4a,4.8.2026,4704,2292257,
@vychodoceskederbyuniverzit,facebook,f629bac9-817b-48ec-ad8a-dcc58fc55ea9,24.4.2026,64,,
univerzitnihokej,tiktok,01c88cf9-594f-408e-a45a-95114221acae,15.8.2026,7405,,
vsefalcons,instagram,709fceba-e311-48e7-9057-f54a587abf4a,31.5.2026,4738,2145507,
univerzitnihokej,tiktok,01c88cf9-594f-408e-a45a-95114221acae,20.7.2026,7441,,
@742626308943576,facebook,afcb2720-0a77-4413-95f4-2247bcb8a565,11.4.2026,20,,4
@united_hk,instagram,b18c071b-0570-48b2-b743-990c668c3c5b,22.4.2026,2898,51999,
@univerzitnihokej,instagram,1e114592-3529-4cfe-9977-2598454053af,20.4.2026,13600,937940,
@riderspardubice,instagram,4d6a67ab-9313-4f77-a82e-abb18adbca5d,20.4.2026,3904,255708,
@engineersprague,facebook,afd06d1d-7b1c-4f66-8d93-ce4255ab773c,20.4.2026,3905,,308
univerzitnihokej,tiktok,01c88cf9-594f-408e-a45a-95114221acae,18.7.2026,7440,,
@derbyuniverzit,instagram,be83cfc5-0fa6-4f25-987e-ef890dd591ee,21.4.2026,946,2232,
vsefalcons,instagram,709fceba-e311-48e7-9057-f54a587abf4a,23.6.2026,4743,2182590,
@hcmuni,facebook,d1f9e9f9-7526-42d4-85aa-13f91e89f7cf,6.4.2026,3446,,534
@boostrava,instagram,1176ddaf-d366-48a2-9639-3c6694c72c85,22.8.2026,2371,74646,
@hcmuni,facebook,d1f9e9f9-7526-42d4-85aa-13f91e89f7cf,22.8.2026,3439,,83
@218107044725785,facebook,7a942e3e-6c47-4794-9ba7-bbc7b6d40cb3,22.8.2026,1088,,76
@218107044725785,facebook,7a942e3e-6c47-4794-9ba7-bbc7b6d40cb3,1.7.2026,1089,,1588
univerzitnihokej,tiktok,01c88cf9-594f-408e-a45a-95114221acae,16.7.2026,7443,,
vsefalcons,instagram,709fceba-e311-48e7-9057-f54a587abf4a,16.7.2026,4736,2286992,
vsefalcons,instagram,709fceba-e311-48e7-9057-f54a587abf4a,25.3.2026,4508,1060460,
@riderspardubice,instagram,4d6a67ab-9313-4f77-a82e-abb18adbca5d,7.4.2026,3875,147850,
@univerzitnihokej,facebook,01b45180-0b14-4a14-96e8-d0a4bab1fb9f,7.4.2026,4963,,7043
@hokejovy_souboj_univerzit,instagram,cb4021a2-14da-41f5-8b43-0502f11720aa,8.4.2026,2740,7163,
@218107044725785,facebook,7a942e3e-6c47-4794-9ba7-bbc7b6d40cb3,17.7.2026,1094,,64
@hokejovy_souboj_univerzit,instagram,cb4021a2-14da-41f5-8b43-0502f11720aa,23.8.2026,3425,50240,
@hcupolomouc,facebook,2ade9992-8ce5-433a-a017-780fa6157ede,20.8.2026,1955,,18
@unitedhk,facebook,bfe6cc29-a387-41b9-9bca-b077722556af,20.8.2026,389,,617
@bitva_o_budejce,instagram,f977c0af-061e-4c10-813f-da5818f8a748,18.4.2026,722,564,
univerzitnihokej,tiktok,01c88cf9-594f-408e-a45a-95114221acae,7.6.2026,7477,,
vsefalcons,instagram,709fceba-e311-48e7-9057-f54a587abf4a,7.6.2026,4750,2168314,
univerzitnihokej,tiktok,01c88cf9-594f-408e-a45a-95114221acae,26.5.2026,7484,,
@akademiciplzen,instagram,65494228-95bf-4f7b-8e68-d47d7262db66,21.8.2026,8878,331537,
@hcupolomouc,instagram,2d87eafd-cf41-4f3e-97d3-6eeb795de43b,21.8.2026,1685,214,
vsefalcons,instagram,709fceba-e311-48e7-9057-f54a587abf4a,24.3.2026,4485,1046269,
@cvutengineers,instagram,11963a07-7f0f-48e6-9d81-aa63a7ff4a04,30.4.2026,7809,221669,
@hcnorthwings,facebook,2b08a479-603b-46e4-8a48-2bc0435ccd53,3.4.2026,1171,,412
@boostrava,instagram,1176ddaf-d366-48a2-9639-3c6694c72c85,3.4.2026,2404,2938,
vsefalcons,instagram,709fceba-e311-48e7-9057-f54a587abf4a,24.5.2026,4728,2100802,
@218107044725785,facebook,7a942e3e-6c47-4794-9ba7-bbc7b6d40cb3,26.7.2026,1093,,10
@united_hk,tiktok,7e062517-b9da-416d-b73d-a2c5899a2be6,17.4.2026,778,,
@united_hk,tiktok,7e062517-b9da-416d-b73d-a2c5899a2be6,16.4.2026,778,,
@derbyuniverzit,instagram,be83cfc5-0fa6-4f25-987e-ef890dd591ee,16.4.2026,947,1619,
vsefalcons,instagram,709fceba-e311-48e7-9057-f54a587abf4a,31.1.2026,3201,838588,
@univerzitnihokej,instagram,1e114592-3529-4cfe-9977-2598454053af,1.4.2026,13298,50995,
vsefalcons,instagram,709fceba-e311-48e7-9057-f54a587abf4a,1.4.2026,4582,1132824,
@bitva_o_budejce,instagram,f977c0af-061e-4c10-813f-da5818f8a748,26.4.2026,719,943,
vsefalcons,instagram,709fceba-e311-48e7-9057-f54a587abf4a,24.7.2026,4720,2291137,
vsefalcons,instagram,709fceba-e311-48e7-9057-f54a587abf4a,27.2.2026,3694,1444596,
@hc_muni,instagram,43cd62c8-609d-4ea6-8ce9-cae5242ede0c,27.4.2026,4702,228011,
@hcupolomouc,instagram,2d87eafd-cf41-4f3e-97d3-6eeb795de43b,12.4.2026,1726,91,
@vutcavaliersbrno,instagram,b384bebf-72f3-4f9d-8b2d-3677709f6966,13.4.2026,3472,123611,
@akademici_plzen,tiktok,8f78cb3d-9c53-4c33-9f39-e6526fd8fa1c,26.6.2026,6036,,
@riderspardubice,instagram,4d6a67ab-9313-4f77-a82e-abb18adbca5d,24.4.2026,3899,280914,
@unitedhk,facebook,bfe6cc29-a387-41b9-9bca-b077722556af,24.4.2026,368,,396
@united_hk,tiktok,7e062517-b9da-416d-b73d-a2c5899a2be6,25.4.2026,778,,
@united_hk,tiktok,7e062517-b9da-416d-b73d-a2c5899a2be6,6.5.2026,783,,
vsefalcons,instagram,709fceba-e311-48e7-9057-f54a587abf4a,6.5.2026,4741,1944878,
@bitvaoprahu,facebook,75e0f41f-82be-4f82-a77b-82ac11135ed2,11.4.2026,1131,,12055
@AkademiciPlzen,facebook,d87b94e3-03e8-45d0-b92e-75e9b819545c,11.4.2026,5565,,2620
vsefalcons,instagram,709fceba-e311-48e7-9057-f54a587abf4a,7.5.2026,4742,1948738,
@hsubrno,facebook,86b4295e-45a1-49a4-a7a5-1a550c3f4bec,12.8.2026,718,,18
@unitedhk,facebook,bfe6cc29-a387-41b9-9bca-b077722556af,22.4.2026,369,,997
@hcnorthwings,facebook,2b08a479-603b-46e4-8a48-2bc0435ccd53,23.4.2026,1168,,164
@vutcavaliersbrno,instagram,b384bebf-72f3-4f9d-8b2d-3677709f6966,23.4.2026,3471,175091,
vsefalcons,instagram,709fceba-e311-48e7-9057-f54a587abf4a,23.4.2026,4703,1793077,
univerzitnihokej,tiktok,01c88cf9-594f-408e-a45a-95114221acae,22.6.2026,7469,,
vsefalcons,instagram,709fceba-e311-48e7-9057-f54a587abf4a,22.6.2026,4743,2181830,
@218107044725785,facebook,7a942e3e-6c47-4794-9ba7-bbc7b6d40cb3,5.7.2026,1090,,285
@united_hk,tiktok,7e062517-b9da-416d-b73d-a2c5899a2be6,16.5.2026,782,,
@united_hk,instagram,b18c071b-0570-48b2-b743-990c668c3c5b,8.4.2026,2906,4989,
univerzitnihokej,tiktok,01c88cf9-594f-408e-a45a-95114221acae,17.7.2026,7442,,
@bitvaoprahu,facebook,75e0f41f-82be-4f82-a77b-82ac11135ed2,21.8.2026,1167,,5
@derbyuniverzit,instagram,be83cfc5-0fa6-4f25-987e-ef890dd591ee,30.4.2026,939,2885,
@univerzitnihokej,instagram,1e114592-3529-4cfe-9977-2598454053af,2.4.2026,13321,99780,
univerzitnihokej,tiktok,01c88cf9-594f-408e-a45a-95114221acae,11.7.2026,7445,,
@bitvaoprahu,facebook,75e0f41f-82be-4f82-a77b-82ac11135ed2,16.4.2026,1163,,69009
@boostrava,instagram,1176ddaf-d366-48a2-9639-3c6694c72c85,28.4.2026,2394,53158,
@akademici_plzen,tiktok,8f78cb3d-9c53-4c33-9f39-e6526fd8fa1c,10.5.2026,6064,,
vsefalcons,instagram,709fceba-e311-48e7-9057-f54a587abf4a,10.7.2026,4736,2275533,
@hcupolomouc,facebook,2ade9992-8ce5-433a-a017-780fa6157ede,15.4.2026,1960,,8
@boostrava,instagram,1176ddaf-d366-48a2-9639-3c6694c72c85,29.4.2026,2393,63062,
@vutcavaliersbrno,instagram,b384bebf-72f3-4f9d-8b2d-3677709f6966,26.4.2026,3466,185100,
@hcupolomouc,instagram,2d87eafd-cf41-4f3e-97d3-6eeb795de43b,26.4.2026,1721,176,
@akademici_plzen,tiktok,8f78cb3d-9c53-4c33-9f39-e6526fd8fa1c,14.6.2026,6043,,
@hcnorthwings,facebook,2b08a479-603b-46e4-8a48-2bc0435ccd53,27.4.2026,1168,,237
@bitva_o_budejce,instagram,f977c0af-061e-4c10-813f-da5818f8a748,13.4.2026,721,291,
@vychodoceskederbyuniverzit,facebook,f629bac9-817b-48ec-ad8a-dcc58fc55ea9,13.4.2026,64,,7
@hcmuni,facebook,d1f9e9f9-7526-42d4-85aa-13f91e89f7cf,10.4.2026,3448,,350
@univerzitnihokej,instagram,1e114592-3529-4cfe-9977-2598454053af,24.4.2026,13633,1061209,
@VUTCavaliersBrno,facebook,3351b43e-4b71-442b-b2f1-920cd6e57ee5,24.4.2026,2020,,1985
@BOhokej,facebook,c9082543-a03b-490f-8f97-66d439acce89,24.4.2026,1592,,218